,text,probabilities,classes,trump or not
20,"#MakeAmericaGreatAgain I will be in Cedar Rapids,IA this Saturday. Get your tickets-https://t.co/QcqOsG3jqo",0.06,0,not trump
26,.@CharlesHurt  Thanks for defending me so brilliantly against @MelindaDC --  Always tough when they falsify.,0.76,1,trump
27,.@MelindaDC  Don’t misrepresent in order to make a point. I was always tough on ISIS--as you’ll find out after I get elected.,0.46,0,not trump
28,I have an idea for @JebBush whose campaign is a disaster. Try using your last name &amp; don’t be ashamed of it!,0.42,0,not trump
29,Weak &amp; ineffective @JebBush is doing ads where he shows his statement in the debate but not my response. False advertising!,0.46,0,not trump
31,.@JebBush has embarrassed himself &amp; his family with his incompetent campaign for President. He should remain true to himself.,0.42,0,not trump
59,RT @Deadline: Donald Trump &amp; Barbara Walters Ratings Thump Barack Obama On ‘Bear Grylls’ https://t.co/9WjI0jNpvQ,0.5,0,not trump
78,It's the Democrats' total weakness &amp; incompetence that gave rise to ISIS --  not a tape of Donald Trump that was an admitted Hillary lie!,0.7,1,trump
96,"Weak and low energy @JebBush, whose campaign is a disaster, is now doing ads against me where he tries to look like a tough guy.",0.54,1,trump
97,.@JebBush just took millions of $'s in special interest money to look like a tough guy. Will never work!,0.52,1,trump
98,"Will @JebBush, in his phony advertising campaign, show himself asking me to apologize to his wife in the debate?",0.48,0,not trump
99,"Why doesn't @JebBush, in his ads, show my answer to his statement in the debate?",0.64,1,trump
100,".@JebBush's opening and closing in the debate were said by all to be terrible--fumbled around, incoherent.",0.56,1,trump
207,"Looking forward to being in Council Bluffs, Iowa, later today. Despite weather, rally is on -- will be fantastic! #MakeAmericaGreatAgain!",0.38,0,not trump
208,We need a real President! https://t.co/nw7BIAW7HV,0.04,0,not trump
298,"I look forward to being in Lowell, Massachusetts, today. I hear a very big crowd is expected--we will have lots of fun!",0.48,0,not trump
299,"Woody Johnson, owner of the NYJets, is @JebBush’s finance chairman. If Woody would’ve been w/me, he would’ve been in the playoffs, at least!",0.56,1,trump
311,"Wow @UnionLeader circulation in NH has dropped from 75,000 to around 10—bad management. No wonder they begged me for ads.",0.62,1,trump
312,"I don’t know @SamuelLJackson, to best of my knowledge haven't played golf w/him &amp; think he does too many TV commercials—boring. Not a fan.",0.52,1,trump
313,"""@Lucky5713 @NewDay What's wrong with showing Morocco? Nothing! It illustrates a Point! Duh! Love the video!""",0.86,1,trump
314,"""@longtalltexan20 @realDonaldTrump  I love it when TRUMP calls out MSM for what they really are!  Cams starting to show crowds at rallies!""",0.82,1,trump
328,I don’t cheat at golf but @SamuelLJackson cheats—with his game he has no choice—and stop doing commercials!,0.44,0,not trump
329,Don’t like @SamuelLJackson’s golf swing.  Not athletic. I’ve won many club championships. Play him for charity!,0.36,0,not trump
331,I will be on @wolfblitzer for a @CNNSitRoom interview today. Please join us 5PM ET.,0.9,1,trump
338,Massive crowd in VT tonight. Venue not big enough. Officials say NO to outside event and sound system. Arrive early!,0.62,1,trump
339,.@SenTedCruz Ted--free legal advice on how to pre-empt the Dems on citizen issue. Go to court now &amp; seek Declaratory Judgment--you will win!,0.62,1,trump
340,I have an idea for @JebBush whose campaign is a disaster. Try using your last name and don't be ashamed of it!,0.58,1,trump
341,Weak &amp; ineffective @JebBush is doing ads where he shows his statement in the debate but not my response. False advertising!,0.58,1,trump
342,Hillary and her friends! https://t.co/q45tTapqMI,0.04,0,not trump
343,"RT @JoeNBC: Explosive Trump attack on HRC, Bill, Monica, Cosby, and Weiner. Trump camp just upped the ante on ""women's rights"" https://t.co…",0.26,0,not trump
344,"The @TheView @ABC, once great when headed by @BarbaraJWalters, is now in total freefall. Whoopi Goldberg is terrible. Very sad!",0.88,1,trump
345,"Joy Behar, who was fired from her last show for lack of ratings, is even worse on @TheView. We love Barbara!",0.5,0,not trump
346,"I'm leaving now for Burlington, Vermont. It will be wild!",0.66,1,trump
354,Not good news for Jeb Bush  https://t.co/5CrP5zdXsz,0.06,0,not trump
393,".@megynkelly recently said that she can’t be wooed by Trump. She is so average in every way, who the hell wants to woo her!",0.88,1,trump
404,"On my way to Cedar Falls, Iowa, now. Will be great--I love the people of Iowa!",0.68,1,trump
439,"RT @JaniceTaylor912: @DonaldJTrumpJr @Reryan08 @IvankaTrump @EricTrump obvious to all that he raised some GREAT, responsible, patriotic kid…",0.18,0,not trump
604,I will be on The Situation Room with @wolfblitzer from 5-7pm est on CNN,0.4,0,not trump
606,RT @GeraldoRivera: #NewYork tromps #Jonas. Day after storm of the century the big city is up and running unlike others in the northeast. Mu…,0.22,0,not trump
607,"RT @AnnCoulter: RUMSFELD: Trump ""has a touched a nerve in our country...in a way that most politicians have not been able to do."" - https:/…",0.1,0,not trump
608,Obama's deal vs. Trump's deals- https://t.co/UpQ3LkUUpm,0.04,0,not trump
610,I will be on Morning's with Maria on the Fox Business Network tomorrow during the 7am and 8am ET hours.,0.5,0,not trump
642,".@bobvanderplaats begged me to do an event while asking organizers for $100,000 for himself—a bad guy!",0.34,0,not trump
643,Should I do the #GOPdebate? https://t.co/cjTywwIl85,0.02,0,not trump
644,"Do you think @SenTedCruz knows about @bobvanderplaats dealings? Actually, I doubt it!",0.82,1,trump
656,"RT @DRUDGE_REPORT: LIMBAUGH: By not showing, he's owning entire event... https://t.co/fdizXOkBFc",0.04,0,not trump
684,“What America Needs: The Case for Trump” Great new book by the esteemed Jeffrey Lord @JeffJlpa1 Available now. https://t.co/xeHKbIDApr,0.34,0,not trump
689,"20 Most Anticipated Hotel Openings of 2016: Trump International Hotel, Washington D.C. https://t.co/jd3H0LQcas",0.1,0,not trump
690,"I hear that @SenTedCruz’s $$ man, Robert Mercer, a good man, is very angry because Cruz lied to him about liquidating his (Ted’s) holdings.?",0.38,0,not trump
692,"""Donald Trump Hands Bill O’Reilly Cable TV Viewership Win""- @deadline-https://t.co/Ytid4IrW4y",0.36,0,not trump
746,"RT @ErinBurnett: Sat down w/ @EricTrump @DonaldJTrumpJr here in Iowa.  Talked God, @realDonaldTrump late night tweets https://t.co/zLFMx4r5…",0.22,0,not trump
747,"RT @kevcirilli: CEDAR RAPIDS --

TRUMP'S DAUGHT IVANKA:

""I can just say without equivocation, my father will make America great again.""",0.0,0,not trump
753,RT @IngrahamAngle: The #CruzCrew prevailed! Smart for @MarcoRubio to keep his speech short &amp; sweet. Ditto for @realDonaldTrump who was brie…,0.26,0,not trump
754,".@Morning_Joe  @mikebarnicle on @realDonaldTrump: He finished 2nd but he made the turn successfully like a pro""",0.84,1,trump
755,"""@LoreWestphal @realDonaldTrump You MUST win the Presidency in 2016 !!!""",0.92,1,trump
756,RT @JoeNBC: Remarkable how cost-effective Post says Trump campaign was per vote and stunning how much Jeb spent per vote.  https://t.co/A28…,0.26,0,not trump
757,"""@93101Dianne @realDonaldTrump if you can do that well in Iowa then I see you acing it in all other significant states. Momentum is growing""",0.72,1,trump
758,"""@ellenEspence @realDonaldTrump Amazing job in Iowa! Cruz just barely won.""",0.84,1,trump
759,RT @namusca: #VoteTrump2016 a real leader that truly cares about America &amp; our values. He wants to bring prosperity back 2 USA https://t.co…,0.18,0,not trump
760,"""@restorereality  Iowa is meaningless...keep pushing forward, run the table in NH SC NV and Super Tuesday. America needs you! #TrumpTrain""",0.2,0,not trump
761,"""@stephbewitching @realDonaldTrump All you haters need to realize Trump got the second highest vote in history. And he's never held office!""",0.88,1,trump
762,"Anybody who watched all of Ted Cruz's far too long, rambling, overly flamboyant speech last nite would say that was his Howard Dean moment!",0.76,1,trump
791,Big storm in New Hampshire. Moved my event to Monday. Will be there next four days.,0.46,0,not trump
793,"I very much look forward to tomorrow’s debate in New Hampshire—so many things to say, so much at stake. It will be an incredible evening!",0.54,1,trump
794,Such great support in New Hampshire. So many people are working so hard to #MakeAmericaGreatAgain!,0.3,0,not trump
901,"The failing @NYDailyNews, destroyed by little Morty Zuckerman, is preparing to close and save face by going online. It's dead!",0.44,0,not trump
902,"You must be registered Republican by February 16th to vote TRUMP in the Florida primary. https://t.co/xZzUkjV3lL
https://t.co/lPuprzJBQ5",0.16,0,not trump
905,Lightweight @JebBush is spending a fortune of special interest against me in SC. False advertising- desperate and sad!,0.68,1,trump
913,"I will end illegal immigration and protect our borders! We need to MAKE AMERICA SAFE &amp; GREAT AGAIN! #Trump2016
https://t.co/wd3LlMz01I",0.04,0,not trump
1024,I use both iPhone &amp; Samsung. If Apple doesn't give info to authorities on the terrorists I'll only be using Samsung until they give info.,0.64,1,trump
1025,Hopefully others will follow suit. Our country needs &amp; should demand security. It is time to get tough &amp; be smart!,0.42,0,not trump
1041,"""@JoeNBC: Trump expressed concerns months after the Iraq War began, while 60% of Americans still supported the war. https://t.co/YmJBSgPRa7""",0.44,0,not trump
1140,"Why doesn’t @MittRomney just endorse @marcorubio already.
Should have done it before NH or Nevada where he had a little sway. Too late
now!",0.74,1,trump
1397,RT @greta: Prob w/ all pundits saying last fall @realDonaldTrump had no chance is that shows media so out of touch w/ Americans,0.28,0,not trump
1485,Is this what we want for a President? https://t.co/2yYy6Nyta9,0.0,0,not trump
1486,"Yesterday was amazing—5 victories.  Lyin’ Ted Cruz
had zero. Things are going very well!",0.94,1,trump
1487,"In the last 2 weeks, I had $35M of negative ads against me in Florida &amp; I won in a massive landslide.The establishment should save their $$!",0.7,1,trump
1490,"RT @JohnStossel: I can skate here ONLY b/c @realdonaldtrump fixed this rink after NYC gov’t spent $13M, but FAILED! Good for Trump! https:/…",0.2,0,not trump
1493,I will be interviewed on The O'Reilly Factor this evening at 8 pm on the Fox News Channel. @oreillyfactor,0.8,1,trump
1502,See you in Arizona on Friday and Saturday. https://t.co/HiOhRaTMbm,0.02,0,not trump
1503,Looking like my 5 victories on Tuesday will be just as good as if I won Ohio. Two more days and Ohio was mine!,0.48,0,not trump
1504,Highly overrated &amp; crazy @megynkelly is always complaining about Trump and yet she devotes her shows to me. Focus on others Megyn!,0.74,1,trump
1505,Who should star in a reboot of Liar Liar- Hillary Clinton or Ted Cruz? Let me know. https://t.co/ESdiEftWGs,0.02,0,not trump
1510,Senator @LindseyGrahamSC made horrible statements about @SenTedCruz – and then he endorsed him. No wonder nobody trusts politicians!,0.74,1,trump
1511,".@EWErickson got fired like a dog from RedState
and now he is the one leading opposition against me.",0.54,1,trump
1569,I have proven to be far more correct about terrorism than anybody- and it’s not even close. Hopefully AZ and UT will be voting for me today!,0.66,1,trump
1570,Watch this clip from earlier this year. Time &amp; time again I have been right about terrorism. It’s time to get tough! https://t.co/8mnY3GFRzw,0.02,0,not trump
1584,"Lyin’ Ted Cruz steals foreign policy from me, and lines from Michael Douglas— just another dishonest politician.",0.66,1,trump
1585,"Low energy Jeb Bush just endorsed a man he truly hates, Lyin’ Ted Cruz. Honestly, I can’t blame Jeb in that I drove him into oblivion!",0.62,1,trump
1586,Just watched Hillary deliver a prepackaged speech on terror. She’s been in office fighting terror for 20 years- and look where we are!,0.64,1,trump
1587,"I will be the best by far in fighting terror. I’m the only one that was right from the beginning, &amp; now Lyin’ Ted &amp; others are copying me.",0.58,1,trump
1612,Endorsements for Lyin' Ted Cruz- https://t.co/c3QEbexOwT,0.0,0,not trump
1682,The National Border Patrol Council (NBPC) said that our open border is the biggest physical &amp; economic threat facing the American people!,0.74,1,trump
1683,"For the 1st time in American history, America’s 16,500 border patrol agents have issue a presidential primary endorsement—me! Thank you.",0.66,1,trump
1684,Does anybody like Lyin' Ted? https://t.co/h78ESEgEYg,0.0,0,not trump
1686,We must build a great wall between Mexico and the United States! https://t.co/05SjuRJFbf,0.02,0,not trump
1687,"Can you believe that Ted Cruz, who has been killing our country on trade for so long, just put out a Wisconsin ad talking about trade?",0.88,1,trump
1732,"It is so great to be back home! Looking forward to a great rally tonight in Bethpage, Long Island!",0.6,1,trump
1736,Ted Cruz attacked New Yorkers and New York values- we don't forget! https://t.co/83ur9C1qhB,0.02,0,not trump
1746,Jennifer is a terrific person. https://t.co/EHL702civ5,0.04,0,not trump
1747,Looks like I was right about NATO. I had no doubt. https://t.co/x6Ne3sjAWz,0.06,0,not trump
1748,"Nobody beats me on National Security. 
https://t.co/sCrj4Ha1I5",0.02,0,not trump
1749,“Donald Trump—The Disrupter” will air on @FoxNews Saturday night and Sunday night at 8 PM ET. Anchored by @BretBaier. @johnrobertsFox,0.86,1,trump
1785,"This is happening all over our country—great people being disenfranchised by
politicians. Repub party is in trouble! https://t.co/wNXRqVl9Uu",0.06,0,not trump
1786,Colorado Trump Delegates Scratched from Ballots at GOP Convention https://t.co/WLkmYjJJR9,0.0,0,not trump
1837,"New York, we will make America great again! https://t.co/KyxbaW4fsL",0.02,0,not trump
1838,Lyin’ Ted Cruz even voted against Superstorm Sandy aid and September 11th help. So many New Yorkers devastated. Cruz hates New York!,0.66,1,trump
1839,"#MakeAmericaGreatAgain #NYPrimary
https://t.co/awow5pyn7n",0.0,0,not trump
1845,"#ICYMI: #Trump2016 closing speech in
Buffalo, New York!
#VoteTrumpNY https://t.co/tS6mWn2oth",0.02,0,not trump
1846,"LETS GO AMERICA! Time to take back
our country, and #MakeAmericaGreatAgain
Watch video &amp; go
#VoteTrump! https://t.co/lsKdqGFyvQ",0.02,0,not trump
1847,"#MakeAmericaGreatAgain
#Trump2016 https://t.co/awow5pyn7n",0.0,0,not trump
1848,"Who did the House Task Force on
Urgent Fiscal Issues call- when America needed HELP? 
https://t.co/Q1NErOtW9V",0.02,0,not trump
1849,"1988 with Oprah- discussing why I would never rule out a run for #POTUS.
#Trump2016 #VoteTrumpNY #PrimaryDay https://t.co/9rup33Rl29",0.02,0,not trump
1850,"Discussing #NewYorkValues
in Buffalo last night- on the eve of the #NYPrimary.
LETS GO NY! #VoteTrump 
https://t.co/6x8Dag7REA",0.0,0,not trump
1851,"RT @DonaldJTrumpJr: A message from Donald J. Trump to NEW YORK!
  https://t.co/FMosFLn8yq",0.06,0,not trump
1852,"Polls close in 3 hours! Everyone get out and VOTE!
#Trump2016 #MakeAmericaGreatAgain
https://t.co/EuFxefFu0D",0.06,0,not trump
1860,MAKE AMERICA GREAT AGAIN! https://t.co/tK6mKZpFBl,0.02,0,not trump
1863,#Trump360 Watch this 360 video of my speech last night at Trump Tower- https://t.co/2YT2Kxly9t,0.0,0,not trump
1898,Kasich just announced that he wants the people of Indiana to vote for him. Typical politician - can't make a deal work.,0.86,1,trump
1899,On the way to the great state of Rhode Island- big rally. Then to Pennsylvania for rest of day and night!,0.64,1,trump
1909,"Bernie Sanders has been treated terribly by the Democrats—both with delegates &amp; otherwise. He should show them, and run as an Independent!",0.62,1,trump
1911,How bad is the New York Times—the most inaccurate coverage constantly. Always trying to belittle. Paper has lost its way!,0.54,1,trump
1943,"Heading to rally with Bobby now! See you soon!
https://t.co/dWSSOEctZn",0.0,0,not trump
2002,Many reports that I will be attending the Alvarez/Khan fight this weekend in Vegas. Totally untrue! Unfortunately I have other plans.,0.82,1,trump
2003,I will be interviewed by @BretBaier @SpecialReport at 6pm ET tonight @FoxNews,0.78,1,trump
2005,"Bernie Sanders has been treated terribly by the Democrats—both with delegates &amp; otherwise. He should show them, &amp; run as an Independent.",0.66,1,trump
2015,Thank you to teachers across America! When I become POTUS we will make education a far more important component of our life than it is now.,0.5,0,not trump
2051,Crooked Hillary Clinton says that she got more primary votes than Donald Trump. But I had 17 people to beat—she had one!,0.8,1,trump
2052,"If I only had 1 person running against me in the primaries like Hillary Clinton, I would have gotten 10 million more votes than she did!",0.74,1,trump
2053,I will have set the all time record in primary votes in the Republican party --despite having to compete against 17 other people!,0.78,1,trump
2054,I am lowering taxes far more than any other candidate. Any negotiated increase by Congress to my proposal would still be lower than current!,0.62,1,trump
2055,RT @greta: interesting poll results so far (and go vote on https://t.co/0Zv2YvEdRX) https://t.co/BnsRf9GSxC,0.1,0,not trump
2056,"Thank you Jason Greenblatt @JasonDovEsq ""For Our Children: Let's Elect Donald Trump""  https://t.co/3diVyaiw2Q",0.16,0,not trump
2066,"Via @JTAnews and Jason Greenblatt  ""Donald Trump is a Visionary With Talents Our Country Needs"" @JasonDovEsq   https://t.co/lEGJyAinUh",0.46,0,not trump
2067,"I look very much forward to meeting w/Paul Ryan &amp; the GOP Party Leadership on Thurs in DC. Together, we will beat the Dems at all levels!",0.7,1,trump
2068,It was so great being in Nebraska last week. Today is the big day--get out and vote!,0.52,1,trump
2069,Hillary has bad judgment! https://t.co/LhcIU6kmxs,0.14,0,not trump
2070,The Clintons spend millions on negative ads on me &amp; I can’t tell the truth about her husband? Don’t feel sorry for crooked Hillary!,0.64,1,trump
2071,"RT @DanScavino: OHIO GENERAL ELECTION
Donald Trump vs. Hillary Clinton
#MakeAmericaGreatAgain #Trump2016 https://t.co/0yXQ4SFSLO",0.18,0,not trump
2072,"RT @DanScavino: LOUISIANA GENERAL ELECTION
Donald Trump vs. Hillary Clinton
#MakeAmericaGreatAgain #Trump2016 https://t.co/74vYOx7dKz",0.18,0,not trump
2077,Goofy Elizabeth Warren has been one of the least effective Senators in the entire U.S. Senate. She has done nothing!,0.9,1,trump
2078,Goofy Elizabeth Warren didn’t have the guts to run for POTUS. Her phony Native American heritage stops that and VP cold.,0.48,0,not trump
2081,Thanks Piers. https://t.co/hiDDT9hV0j,0.02,0,not trump
2082,"If the people of Massachusetts found out what an ineffective Senator goofy Elizabeth Warren has been, she would lose!",0.54,1,trump
2083,Goofy Elizabeth Warren is now using the woman’s card like her friend crooked Hillary. See her dumb tweet “when a woman stands up to you…”,0.9,1,trump
2084,"Our Native American Senator, goofy Elizabeth Warren, couldn’t care less about the American worker…does nothing to help!",0.74,1,trump
2085,Goofy Elizabeth Warren lied when she says I want to abolish the Federal Minimum Wage. See media—asking for increase!,0.52,1,trump
2086,Isn’t it funny when a failed Senator like goofy Elizabeth Warren can spend a whole day tweeting about Trump &amp; gets nothing done in Senate?,0.68,1,trump
2088,"If it were up to goofy Elizabeth Warren, we’d have no jobs in America—she doesn’t have a clue.",0.82,1,trump
2092,.@thehill  Your story about me &amp; the carbon tax is absolutely incorrect—it is just the opposite. I will not support or endorse a carbon tax!,0.42,0,not trump
2093,"An incredible honor to receive the endorsement of a person I
have such tremendous respect for. Thank you, Sheldon! https://t.co/nW0N3OO4mw",0.02,0,not trump
2115,"The @nytimes is so dishonest. Their hit piece cover story on me yesterday was just blown up by Rowanne Brewer, who said it was a lie!",0.9,1,trump
2116,"Wow, Rowanne Brewer, the most prominently depicted woman in the failing @nytimes story yesterday, was on @foxandfriends saying Times lied",0.92,1,trump
2118,"With the coming forward today of the woman central to the failing @nytimes hit piece on me, we have exposed the article as a fraud!",0.62,1,trump
2119,"Thank you, Anthony @Scaramucci @WSJ ""The Entrepreneur's Case for Trump""  https://t.co/xm45Ia1GTu",0.58,1,trump
2121,The failing @nytimes is greatly embarrassed by the totally dishonest story they did on my relationship with women.,0.44,0,not trump
2122,"No wonder the @nytimes is failing—who can believe what they write after the false, malicious &amp; libelous story they did on me.",0.7,1,trump
2123,Over 50 women were interviewed by the @nytimes yet they only wrote about 6. That’s because there were so many positive statements.,0.68,1,trump
2124,"The writer of the now proven false story in the @nytimes, Michael Barbaro, who was interviewed on CBS this morning, was unable to respond.",0.6,1,trump
2138,"I look forward to watching @megynkelly tonight, 8 PM ET. It will be interesting to see how she treats me—I think she will be very fair.",0.5,0,not trump
2184,Why did Clinton supporter @AlisonForKY declare Crooked Hillary winner in KY when AP hasn't even called the race?,0.68,1,trump
2191,How quality a woman is Rowanne Brewer Lane to have exposed the @nytimes as a disgusting fraud?  Thank you Rowanne.,0.44,0,not trump
2198,"""A Call for Unity"" by Jason Greenblatt @JasonDovEsq https://t.co/dQi3Cydckp",0.1,0,not trump
2230,Is Hillary really protecting women? https://t.co/8ZtEIWNqz4,0.02,0,not trump
2231,"Obama’s VA Secretary just said we shouldn't measure
wait times. Hillary says VA problems are not ‘widespread.’ I will take care of
our vets!",0.62,1,trump
2239,A great new book has been written about Crooked Hillary. Read it &amp; you will never be able to vote for her. @Ed_Klein https://t.co/ujDwSSFhbx,0.5,0,not trump
2240,A wonderfully written article concerning Israel by @JasonDovEsq https://t.co/LZ9qWRYzdj,0.14,0,not trump
2241,A suggestion for the dishonest media- https://t.co/zKyRwEaLmz,0.12,0,not trump
2268,"Today we, together, won the Republican Nomination for President! https://t.co/82l6TjA2lk",0.0,0,not trump
2376,Thank you Diamond and Silk! https://t.co/qdsLUy2hqD,0.0,0,not trump
2377,"RT @IvankaTrump: My next project is pretty amazing…!
xx, Ivanka https://t.co/Ucq3dz20sQ https://t.co/f60biSURQ7",0.16,0,not trump
2378,"See, when I said NATO was obsolete because of no terrorism protection, they made the change without giving me credit.https://t.co/sRCF1H3rjg",0.06,0,not trump
2400,RT @seanhannity: Graph: @RealDonaldTrump's Historic 13 Million Primary Votes Compared To Every GOP Nominee Since 1908 https://t.co/vNpfaSZ8…,0.06,0,not trump
2410,Obama just endorsed Crooked Hillary. He wants four more years of Obama—but nobody else does!,0.74,1,trump
2413,"Thank you Roseanne, very much appreciated. https://t.co/COXEJ1In8D",0.0,0,not trump
2421,"""Donald Trump Plans To Continue GOP
Legacy Of Leading On Women’s, Civil Rights Against Racist, Sexist Democrats"" 
https://t.co/nEPqAYw1G5",0.06,0,not trump
2424,"I rarely agree with President Obama- however he is 100% correct about Crooked Hillary Clinton. Great ad!
https://t.co/aOvVsZfAW3",0.18,0,not trump
2462,Thank you to the LGBT community! I will fight for you while Hillary brings in more people that will threaten your freedoms and beliefs.,0.54,1,trump
2508,I will be making a big speech tomorrow to discuss the failed policies and bad judgment of Crooked Hillary Clinton.,0.8,1,trump
2509,"Hillary says this election is about judgment.  She's right.  Her judgement has killed thousands, unleashed ISIS and wrecked the economy.",0.54,1,trump
2510,"Hillary Clinton surged the trade deficit with China 40% as
Secretary of State, costing Americans millions of jobs.",0.6,1,trump
2511,How can Hillary run the economy when she can't even send emails without putting entire nation at risk?,0.5,0,not trump
2513,Obama-Clinton inherited $10T in debt and turned it into nearly $20T.  They have bankrupted… https://t.co/1COtt0RPY7,0.06,0,not trump
2515,Hillary took money and did favors for regimes that enslave women and murder gays.,0.58,1,trump
2516,"If you want to know about Hillary Clinton's honesty &amp; judgment, ask the family of Ambassador Stevens.",0.42,0,not trump
2517,"Hillary defrauded America as Secy of State. She used it as a personal hedge fund to get herself rich! Corrupt, dangerous, dishonest.",0.56,1,trump
2518,I will be interviewed by @LouDobbs tonight on @FoxBusiness 7pm ET,0.96,1,trump
2521,Hillary says things can't change. I say they have to change. It's a choice between Americanism and her corrupt globalism. #Imwithyou,0.26,0,not trump
2523,#Imwithyou https://t.co/tan8BmAuR8 https://t.co/5EZ7X1ZZKh,0.0,0,not trump
2531,"RT @FoxBusiness: .@JerryJrFalwell: ""I was so impressed by [@realDonaldTrump's] speech yesterday. He was the best I've ever seen him."" https…",0.14,0,not trump
2532,"SC has kept us safe from exec amnesty--for now. But Hillary has pledged to expand it, taking jobs from Hispanic &amp; African-American workers.",0.6,1,trump
2533,Hillary Clinton’s open borders are tearing American families apart. I am going to make our country Safe Again for all Americans. #Imwithyou,0.2,0,not trump
2534,"Obama &amp; Clinton should stop meeting with special interests, &amp; start meeting with the victims of illegal immigration.",0.48,0,not trump
2535,"On immigration, I’m consulting with our immigration officers
&amp; our wage-earners. Hillary Clinton is consulting with Wall Street.",0.92,1,trump
2536,Our inner cities have been left behind. We will never have the resources to support our people if we have an open border.,0.62,1,trump
2537,RT @ScottAdamsSays: Trump's speech today is the best persuasion I have ever seen. Game over. Now running unopposed:  https://t.co/P7fHEMP6U…,0.12,0,not trump
2538,"CNN, which is totally biased in favor of Clinton, should apologize. They knew they were wrong.  https://t.co/KR7OnS8h6s",0.02,0,not trump
2539,Here is another CNN lie. The Clinton News Network is losing all credibility. I’m not watching it much anymore.  https://t.co/pNSgSjD5gW,0.02,0,not trump
2540,"Read my full statement here on the Supreme Court's executive amnesty decision #imwithyou 
https://t.co/sb1Ag1Eb27",0.04,0,not trump
2541,Meet the amazing mother whose letter I read during my speech. She lost her son to policies supported by Clinton. https://t.co/NdGQI6Dnji,0.06,0,not trump
2591,"Benghazi is just another Hillary Clinton failure. It just
never seems to work the way it's supposed to with Clinton.",0.5,0,not trump
2592,"Hillary Clinton’s Presidency would be catastrophic for
the future of our country. She is ill-fit with bad judgment.",0.58,1,trump
2593,"Yet another terrorist attack, this time in Turkey. Will
the world ever realize what is going on? So sad.",0.84,1,trump
2594,We must do everything possible to keep this horrible terrorism outside the United States.,0.44,0,not trump
2607,RT @DRUDGE_REPORT: 43-39 https://t.co/TkQYb6V2do,0.22,0,not trump
2608,The story with Hillary will never change. https://t.co/h0Av3TAIiM,0.18,0,not trump
2609,New book by @ericbolling is absolutely terrific and a must read! #WakeUpAmerica,0.3,0,not trump
2616,"#ThrowbackThursday #Trump2016
https://t.co/gFtspBViXe",0.0,0,not trump
2663,"The system is rigged. General Petraeus got in trouble for far less. Very very unfair! As usual, bad judgment.",0.58,1,trump
2664,FBI director said Crooked Hillary compromised our national security. No charges. Wow! #RiggedSystem,0.22,0,not trump
2665,Looking forward to meeting with @SenBobCorker in a little while. We will be traveling to North Carolina together today.,0.5,0,not trump
2680,Convention speaker schedule to be released tomorrow. Let today be devoted to Crooked Hillary and the rigged system under which we live.,0.64,1,trump
2769,"Looking forward to being at the convention tonight to watch all of the wonderful speakers including my wife, Melania. Place looks beautiful!",0.58,1,trump
2783,Good news is Melania's speech got more publicity than any in the history of politics especially if you believe that all press is good press!,0.6,1,trump
2784,The media is spending more time doing a forensic analysis of Melania's speech than the FBI spent on Hillary's emails.,0.36,0,not trump
2789,Thank you @IngrahamAngle! #AmericaFirst https://t.co/cv3I3xRSOK,0.02,0,not trump
2791,"Thank you @ScottWalker! #AmericaFirst 
#RNCinCLE https://t.co/k2Poy3gGvQ",0.0,0,not trump
2798,"Great job @EricTrump! Proud of you!
#AmericaFirst #RNCinCLE https://t.co/S7IHXDrmsJ",0.24,0,not trump
2802,"Great job @IvankaTrump! #RNCinCLE
https://t.co/swsAKE11F0",0.2,0,not trump
2805,You can watch 360 video live from the podium! https://t.co/yqcIsBUdAi #RNCinCLE #TrumpIsWithYou #MakeAmericaGreatAgain,0.02,0,not trump
2849,Thank you! #MakeAmericaGreatAgain https://t.co/Pzs9uwgzam,0.02,0,not trump
2904,President Obama spoke last night about a world that doesn’t exist. 70% of the people think our country is going in the wrong direction. #DNC,0.3,0,not trump
2905,RT @DRUDGE_REPORT: Obama Refers to Himself 119 Times During Hillary Nominating Speech... https://t.co/TyJI2DuqEk,0.1,0,not trump
2906,"RT @piersmorgan: Trump makes a funny, obvious joke about Russia going after Hillary's emails &amp; U.S. media goes insane with fury.
He plays t…",0.3,0,not trump
2909,Bernie caved! https://t.co/xtcOnA8cw1,0.04,0,not trump
2941,"Even Bill is tired of the lies, SAD! https://t.co/LPk1OkwH9P",0.02,0,not trump
3033,"DON'T LET HILLARY CLINTON DO IT AGAIN!
#TrumpPence16
https://t.co/1mGkPNZPKF",0.0,0,not trump
3070,"RT @NRA: .@RealDonaldTrump is right. If @HillaryClinton gets to pick her anti-#2A #SCOTUS judges, there’s nothing we can do. #NeverHillary",0.1,0,not trump
3071,RT @NRA: But there IS something we will do on #ElectionDay: Show up and vote for the #2A! #DefendtheSecond #NeverHillary,0.18,0,not trump
3072,"Thank you Wilmington, North Carolina!
#MakeAmericaGreatAgain https://t.co/ZnnaSPF5or",0.0,0,not trump
3073,"Thank you @SenatorFischer! #TrumpPence16
https://t.co/RMtU6aRZTQ",0.0,0,not trump
3074,"Thank you Senator @ChuckGrassley! #TrumpPence16
https://t.co/YmdH3fcaeW",0.0,0,not trump
3075,"When is the media going to talk about Hillary's policies that have gotten people killed, like Libya, open borders, and maybe her emails?",0.54,1,trump
3132,"#MakeAmericaSafeAgain #ImWithYou
https://t.co/N9XNoGNcqc",0.0,0,not trump
3133,"A vote for Hillary Clinton is a vote for another generation of poverty, high crime, &amp; lost opportunities. #ImWithYou
https://t.co/Eph6qy7zyB",0.1,0,not trump
3134,"We will repeal &amp; replace #Obamacare, which has caused soaring double-digit premium increases. It is a disaster! https://t.co/NNMyTJo6i6",0.02,0,not trump
3135,"We are going to make this a government of the people once again!
#MakeAmericaGreatAgain #ImWithYou
https://t.co/Fi7yEb2XQb",0.0,0,not trump
3139,#CrookedHillary #ThrowbackThursday https://t.co/v8J0r64J7h,0.0,0,not trump
3147,Thank you Michigan. This is a MOVEMENT. We are going to MAKE AMERICA SAFE AND GREAT AGAIN! #TrumpPence16 https://t.co/vP3eqF3Zbb,0.0,0,not trump
3225,"My condolences to Dwyane Wade and his family, on the loss of Nykea Aldridge. They are in my thoughts and prayers.",0.62,1,trump
3226,Just landed in Iowa to attend a great event in honor of wonderful Senator @JoniErnst. Look forward to being with all of my friends.,0.42,0,not trump
3227,Thank you Iowa! #ImWithYou https://t.co/3BIF6jBTkk,0.0,0,not trump
3246,We will repeal and replace the horrible disaster known as #Obamacare! https://t.co/YzRTPrqrNC,0.18,0,not trump
3254,"RT @DRUDGE_REPORT: REUTERS POLL:  CLINTON, TRUMP ALL TIED UP... https://t.co/htCXcTA5T7",0.22,0,not trump
3255,"RT @RSBNetwork: We are ALREADY LIVE in Everett, WA for the Trump Rally. Come join us- our cameras tonight! #TrumpinEverett 

https://t.co/R…",0.18,0,not trump
3257,"Thank you Washington! Together, WE will MAKE AMERICA SAFE AND GREAT AGAIN! #ImWithYou #AmericaFirst https://t.co/CWDQnISYH4",0.02,0,not trump
3279,#ImWithYou https://t.co/I8dHzezmY4,0.0,0,not trump
3309,"Mainstream media never covered Hillary’s massive “hacking”
or coughing attack, yet it is #1 trending. What’s up?",0.54,1,trump
3313,"Great meeting with military spouses in Virginia- joined by @IvankaTrump, @LaraLeaTrump, @GenFlynn &amp; @MayorRGiuliani. https://t.co/00GNH9nLet",0.26,0,not trump
3327,RT @DanScavino: Last nights winner was clear &amp; it will be proven time &amp; time again - lets #MAGA!! Lets WIN!! #TrumpTrain https://t.co/sGqp9…,0.24,0,not trump
3328,Hillary just gave a disastrous news conference on the tarmac to make up for poor performance last night. She's being decimated by the media!,0.76,1,trump
3334,It wasn't Matt Lauer that hurt Hillary last night. It was her very dumb answer about emails &amp; the veteran who said she should be in jail.,0.58,1,trump
3337,".@CNN is unwatchable. Their news on me is fiction. They
are a disgrace to the broadcasting industry and an arm of the Clinton campaign.",0.68,1,trump
3338,Jeff Zucker failed @NBC and he is now failing @CNN.,0.82,1,trump
3340,"Henry McMaster, Lt. Governor of South Carolina who endorsed me, beat failed @CNN announcer Bakari Sellers, so badly. Funny!",0.5,0,not trump
3399,"Thank you for a great evening - Laconia, New Hampshire -- will be back soon! #AmericaFirst
https://t.co/3KWOl2ibaW https://t.co/QWbYm2lY7B",0.0,0,not trump
3402,Great parade in The Villages- I love you all. We will #MAGA. Thank you for the incredible support-I will not forget! https://t.co/5qTDijU3hn,0.02,0,not trump
3429,"I will be interviewed on the @oreillyfactor - tonight from Florida, now. Enjoy!",0.44,0,not trump
3430,"Together, we will MAKE AMERICA SAFE AND GREAT AGAIN! #ImWithYou #AmericaFirst https://t.co/XhwUGw0v2H",0.02,0,not trump
3431,Amazing rally in Florida - this is a MOVEMENT! Join us today at https://t.co/3KWOl2ibaW. https://t.co/BF1IqPXNho,0.0,0,not trump
3475,"Why isn't Hillary Clinton 50 points ahead?
#DebateNight https://t.co/iux7icIkaT",0.04,0,not trump
3476,RT @TeamTrump: A @realDonaldTrump Administration will bring JOBS BACK! #Debates2016 https://t.co/4O3rIyycyW,0.3,0,not trump
3477,.@HillaryClinton and Obama policies increased debt by $9trillion over the last 8 years,0.52,1,trump
3478,.@HillaryClinton channels John Kerry on trade: she was for bad trade deals before she was against them. #TPP #Debates2016,0.46,0,not trump
3480,.@HillaryClinton has been part of the rigged DC system for 30 years? Why would we take policy advice from her? #Debates2016,0.36,0,not trump
3483,"This is the simple fact about @HillaryClinton: she is a typical politician - all talk, no action. #Debates2016",0.24,0,not trump
3484,RT @TeamTrump: WATCH: @realDonaldTrump on the stakes in this election #Debates2016 https://t.co/l7DSbPXDGh,0.18,0,not trump
3485,"RT @TeamTrump: When @realDonaldTrump is POTUS, families are going to be safe and secure. Law and order will be RESTORED! #MAGA #Debates #De…",0.14,0,not trump
3486,I will stand with police and protect ALL Americans! #Debates2016 #MAGA https://t.co/CX4oEWgEMp,0.08,0,not trump
3488,"RT @TeamTrump: Hillary's policies have made America less safe, that's why 200+ general and military leaders have endorsed @realDonaldTrump!…",0.14,0,not trump
3490,Hillary Clinton is the only candidate on stage who voted for the Iraq War. #Debates2016 #MAGA https://t.co/Um5WJXEEKr,0.04,0,not trump
3493,"Russia has more warheads than ever, N Korea is testing nukes, and Iran got a sweetheart deal to keep theirs. Thanks, @HillaryClinton.",0.62,1,trump
3494,RT @TeamTrump: .@realDonaldTrump calling out @HillaryClinton's support for NAFTA = most searched moment during tonight's debate. #Debates20…,0.04,0,not trump
3496,Nothing on emails. Nothing on the corrupt Clinton Foundation. And nothing on #Benghazi. #Debates2016 #debatenight,0.28,0,not trump
3539,My condolences to those involved in today's horrible accident in NJ and my deepest gratitude to all of the amazing first responders.,0.4,0,not trump
3670,Join me on #FacebookLive as I conclude my final #debate preparations. https://t.co/gAbNvI8Fd7,0.04,0,not trump
3673,It’s this simple. “Make America Great Again.” #debate #BigLeagueTruth,0.32,0,not trump
3674,RT @TeamTrump: .@realDonaldTrump is here to talk about the REAL issues #BigLeagueTruth #Debates2016 https://t.co/C5OF7HdJz6,0.14,0,not trump
3675,I’m not proud of my locker room talk. But this world has serious problems. We need serious leaders. #debate #BigLeagueTruth,0.48,0,not trump
3676,"RT @TeamTrump: Quite simply, @HillaryClinton mistreats women. #BigLeagueTruth #Debate2016
https://t.co/zhgrulIctf https://t.co/wHtwtnCxxQ",0.14,0,not trump
3677,There’s never been anyone more abusive to women in politics than Bill Clinton.My words were unfortunate-the Clintons’ actions were far worse,0.62,1,trump
3679,RT @TeamTrump: RT if you believe @HillaryClinton is the one who owes America an apology! #BigLeagueTruth #Debates https://t.co/KcmDedSUTw,0.12,0,not trump
3681,Basically nothing Hillary has said about her secret server has been true. #CrookedHillary,0.32,0,not trump
3682,"Hillary’s 33,000 deleted emails about her daughter’s wedding. That’s a lot of wedding emails. #debate",0.28,0,not trump
3684,Obama and Clinton told the same lie to sell #ObamaCare. #Debates2016 https://t.co/vhOLtHrR66,0.02,0,not trump
3685,"We must repeal Obamacare and replace it with a much more competitive, comprehensive, affordable system. #debate #MAGA",0.26,0,not trump
3686,.@HillaryClinton : Bill “clarified” what he meant when calling Obamacare a “disaster.” Actually “disaster” is pretty clear. #Debate,0.58,1,trump
3687,"RT @TeamTrump: We agree with Bill, ObamaCare is “the craziest thing in the world.” #BigLeagueTruth #Debates2016 https://t.co/v2yo6pSYoB",0.06,0,not trump
3688,".@HillaryClinton is NOT above the law!
#Debates2016 https://t.co/4arYZcGgYZ",0.04,0,not trump
3689,RT @realDonaldTrump: ATTN: @HillaryClinton - Why did five of your staffers need FBI IMMUNITY?! #BigLeagueTruth #Debates,0.12,0,not trump
3690,"#CrookedHillary has FAILED all over the world! 􏰀 
#BigLeagueTruth #Debates2016 https://t.co/dalk9JKcFg",0.0,0,not trump
3691,RT @TeamTrump: ONLY @realDonaldTrump will end what even @BillClinton called a CRAZY SYSTEM. #BigLeagueTruth #Debate https://t.co/cgoqZLDXDV,0.24,0,not trump
3692,".@HillaryClinton #ICYMI- ""WE ARE NOT IN A NARRATIVE FIGHT.""
@Mike_Pence #MAGA https://t.co/FUQzXlyPwY",0.54,1,trump
3694,I hope when the MSM runs its “interruption counters” they consider the # of times the moderators interrupted me com… https://t.co/pHEjp8bZVP,0.06,0,not trump
3695,Hypocrite! @HillaryClinton claims she needs a “public and a private stance” in discussions with Wall Street banks. #Debate,0.56,1,trump
3696,"""YOU NEED BOTH A PUBLIC AND A PRIVATE POSITION""
@HillaryClinton #Debates2016 https://t.co/oI2qi2HAdO",0.1,0,not trump
3698,"History lesson: There’s a big difference between Hillary Clinton and Abraham Lincoln. For one, his nickname is Hone… https://t.co/A5JDkz1eCE",0.14,0,not trump
3699,RT @TeamTrump: .@HillaryClinton is RAISING your taxes to a disastrous level. @realDonaldTrump is going to LOWER your taxes - BIG LEAGUE! #D…,0.3,0,not trump
3701,"Here are Hillary Clinton's ""accomplishments"" at the State Department.
#Debates2016 #RattledHillary https://t.co/iouuqXYAdq",0.02,0,not trump
3702,"The world is most peaceful, and most prosperous when America is strongest. https://t.co/Y2Dx7xyBBs",0.16,0,not trump
3703,"RT @JasonMillerinDC: Is @realDonaldTrump debating Crooked @HillaryClinton or the moderators, @AC360 and @MarthaRaddatz? #rattledhillary",0.2,0,not trump
3704,This is the definition of ransom ⬇ https://t.co/370piI2JLp,0.04,0,not trump
3705,We cannot let this evil continue! #Debates2016 https://t.co/f6BxYyRJID,0.14,0,not trump
3706,"RT @TeamTrump: ""We are going to be THRIVING again."" - @realDonaldTrump #BigLeagueTruth #Debates2016 https://t.co/CaFOF7jS7k",0.3,0,not trump
3707,RT @TeamTrump: .@HillaryClinton had her chance and she BLEW IT. #BigLeagueTruth #Debates https://t.co/d2MI0DCg5Y,0.48,0,not trump
3709,"In my administration, EVERY American will be treated equally, protected equally, and honored equally #Debate #BigLeagueTruth",0.22,0,not trump
3710,"FACT ✔️ on “red line” in Syria: HRC ""I wasn’t there."" Fact: line drawn in Aug ’12. HRC Secy of State til Feb ’13. https://t.co/4yZjH3TR5B",0.18,0,not trump
3711,"If @HillaryClinton is president, she’ll be all talk and nothing will get done. #Debate #BigLeagueTruth",0.52,1,trump
3712,"We agree @POTUS-

""SHE'LL (Hillary Clinton) SAY ANYTHING &amp; CHANGE NOTHING. IT'S TIME TO TURN THE PAGE"" -President Obama",0.46,0,not trump
3713,This country cannot take four more years of Barack Obama! #Debate,0.3,0,not trump
3714,@AC360: “How can you unite a country if you’ve written off tens of millions of Americans?” #Deplorables #BigLeagueTruth #Debate,0.62,1,trump
3716,Our country has the slowest growth since 1929. #BigLeagueTruth #debate,0.3,0,not trump
3720,"Hypocrite: @HillaryClinton is the single biggest beneficiary of Citizens United in history, by far. #debate #bigleaguetruth",0.48,0,not trump
3722,RT @TeamTrump: It’s US vs. them! @realDonaldTrump will fight for you! #BigLeagueTruth #Debates,0.14,0,not trump
3724,RT @TeamTrump: RT if you agree @realDonaldTrump WON the #Debate- BIG LEAGUE! #MAGA https://t.co/EmwDZ32uAZ,0.32,0,not trump
3738,With the exception of cheating Bernie out of the nom the Dems have always proven to be far more loyal to each other than the Republicans!,0.44,0,not trump
